seed,tta,dataset,n_images,mean_diff_topology_minus_baseline,median_diff_topology_minus_baseline,n_favor_topology,n_favor_baseline,n_ties,wilcoxon_statistic,p_value,significant_0_05
42,no_tta,DRIVE_test,20,0.0009703819189757878,0.00103103965117185,12,8,0,77.0,0.3117942810058594,False
42,no_tta,STARE,20,0.0014832871415682903,0.001795385300112029,11,9,0,88.0,0.5458755493164062,False
42,no_tta,CHASE_DB1,28,0.012941311467359233,0.008729646778316336,22,6,0,47.0,0.00015273690223693848,True
42,no_tta,HRF,45,0.03260573832102084,0.02887430814975478,45,0,0,0.0,5.684341886080802e-14,True
42,tta,DRIVE_test,20,0.0027246580145172837,0.002795152212349661,16,4,0,17.0,0.0003948211669921875,True
42,tta,STARE,20,-0.0004658329465608735,-2.9667110315156897e-05,10,10,0,93.0,0.6742229461669922,False
42,tta,CHASE_DB1,28,0.01577777524881335,0.011547056205238881,27,1,0,7.0,1.4156103134155273e-07,True
42,tta,HRF,45,0.032540381134087054,0.027968233906729423,45,0,0,0.0,5.684341886080802e-14,True
7,no_tta,DRIVE_test,20,-0.0069133561926483286,-0.00497317882607079,8,12,0,62.0,0.11398696899414062,False
7,no_tta,STARE,20,-0.03119774252894698,-0.03504125435394556,4,16,0,22.0,0.0010166168212890625,True
7,no_tta,CHASE_DB1,28,-0.012903547606599139,-0.01506538777910621,7,21,0,85.0,0.006060026586055756,True
7,no_tta,HRF,45,0.030513306571288337,0.0263317292159867,43,2,0,12.0,3.979039320256561e-12,True
7,tta,DRIVE_test,20,-0.0059275451759868035,-0.005887215383043598,9,11,0,64.0,0.13272666931152344,False
7,tta,STARE,20,-0.031815412157182074,-0.03523067752268616,4,16,0,22.0,0.0010166168212890625,True
7,tta,CHASE_DB1,28,-0.011031503237696944,-0.01466461621397741,10,18,0,101.0,0.019113145768642426,True
7,tta,HRF,45,0.03009234132551302,0.02578229293076928,44,1,0,14.0,6.252776074688882e-12,True
